id,first_name,last_name,email,gender,ip_address
1,Kent,Mundy,kmundy0@pcworld.com,Male,39.21.14.190
2,Frants,Kernan,fkernan1@goo.gl,Male,47.89.19.201
3,Steffane,Sans,ssans2@prweb.com,Female,123.6.23.217
4,Tadeo,Shepley,tshepley3@tumblr.com,Male,41.69.107.140
5,Claudine,De Brett,cdebrett4@un.org,Female,137.168.62.142
6,Florella,Clerke,fclerke5@people.com.cn,Polygender,6.8.86.198
7,Gratiana,Tuson,gtuson6@skype.com,Female,39.74.45.170
8,Quintin,Reichartz,qreichartz7@dion.ne.jp,Male,58.197.170.178
9,Evania,Labbett,elabbett8@devhub.com,Genderqueer,200.142.50.226
10,Sada,Hannigan,shannigan9@issuu.com,Polygender,26.91.151.159
11,Jolynn,Ogles,joglesa@oracle.com,Female,119.47.71.27
12,Randy,McConigal,rmcconigalb@facebook.com,Female,99.255.236.122
13,Waiter,Yardley,wyardleyc@youtu.be,Male,137.219.158.106
14,Zelda,Reina,zreinad@seesaa.net,Female,55.111.0.243
15,Fabien,Bowick,fbowicke@bravesites.com,Male,241.59.218.164
16,Gerome,Condy,gcondyf@adobe.com,Polygender,169.74.183.202
17,Marisa,Dowse,mdowseg@angelfire.com,Genderfluid,129.40.195.108
18,Ralph,Humerstone,rhumerstoneh@telegraph.co.uk,Male,213.70.187.186
19,Kellby,Durie,kduriei@cyberchimps.com,Agender,77.167.229.69
20,Foss,Wilding,fwildingj@pen.io,Male,17.120.179.18
21,Zorina,Borland,zborlandk@nbcnews.com,Female,19.164.174.39
22,Kimmi,Bouts,kboutsl@cnet.com,Female,155.217.64.250
23,Shaylah,Crumbleholme,scrumbleholmem@cmu.edu,Female,62.221.33.94
24,Bertrando,Sherrard,bsherrardn@friendfeed.com,Male,93.206.38.14
25,Donetta,Gianneschi,dgianneschio@webs.com,Genderqueer,111.188.176.84
26,Marjorie,Mariaud,mmariaudp@shareasale.com,Female,103.117.96.119
27,Kaylil,Malt,kmaltq@sakura.ne.jp,Female,189.112.30.236
28,Joelynn,Spyvye,jspyvyer@dailymail.co.uk,Female,246.143.81.28
29,Bary,Radbourn,bradbourns@com.com,Male,101.183.106.119
30,Boris,O'Caherny,bocahernyt@java.com,Male,56.237.23.28
31,Jason,Wedge,jwedgeu@barnesandnoble.com,Male,116.106.75.189
32,Ashla,Temperton,atempertonv@rediff.com,Female,150.38.171.52
33,Koenraad,Hazelby,khazelbyw@patch.com,Male,53.52.234.224
34,Charmane,Reven,crevenx@cnn.com,Female,99.86.192.10
35,Jesselyn,Cuttin,jcuttiny@amazonaws.com,Female,154.208.205.185
36,Brena,Haddon,bhaddonz@mapy.cz,Bigender,149.174.213.9
37,Terri,Ferier,tferier10@sogou.com,Male,87.132.105.206
38,Jonell,Strangman,jstrangman11@xing.com,Female,197.92.87.77
39,Lionel,Dewett,ldewett12@go.com,Male,159.16.114.53
40,Dorrie,Beenham,dbeenham13@umich.edu,Female,67.128.67.86
41,Camila,Winpenny,cwinpenny14@clickbank.net,Female,215.52.162.1
42,Ailis,MacCahee,amaccahee15@hhs.gov,Female,126.191.181.167
43,Phaidra,Kesteven,pkesteven16@macromedia.com,Female,243.225.206.176
44,Aylmar,Rosenschein,arosenschein17@soundcloud.com,Male,160.234.128.153
45,Tate,Anfrey,tanfrey18@surveymonkey.com,Female,121.235.240.255
46,Gage,Kew,gkew19@unicef.org,Male,155.97.143.113
47,Dede,Brogden,dbrogden1a@squarespace.com,Female,77.71.180.115
48,Fifine,Bodesson,fbodesson1b@nymag.com,Non-binary,135.24.6.154
49,Kristofor,Rouse,krouse1c@upenn.edu,Male,70.128.181.151
50,Mara,Keele,mkeele1d@bluehost.com,Female,218.236.54.229
51,Symon,Cousens,scousens1e@mit.edu,Male,234.132.252.129
52,Benton,Bulmer,bbulmer1f@instagram.com,Male,165.214.182.39
53,Tasha,Hourigan,thourigan1g@skype.com,Female,89.174.197.235
54,Jesse,Saurat,jsaurat1h@elpais.com,Male,192.97.194.248
55,Kristine,Gifkins,kgifkins1i@businessweek.com,Female,187.250.16.148
56,Kimberli,Rollason,krollason1j@prweb.com,Female,238.168.44.119
57,Lind,Daynter,ldaynter1k@ucsd.edu,Polygender,66.15.238.242
58,Timothee,Meriott,tmeriott1l@bigcartel.com,Male,189.69.149.170
59,Alessandro,Leynham,aleynham1m@pagesperso-orange.fr,Male,223.2.2.197
60,Lura,Oldacres,loldacres1n@marriott.com,Polygender,59.186.160.57
61,Delcina,De Hooch,ddehooch1o@hud.gov,Female,87.116.125.5
62,Gillie,Heersema,gheersema1p@eventbrite.com,Female,78.188.23.174
63,Vaclav,Woodings,vwoodings1q@issuu.com,Male,154.14.92.76
64,Judas,Heyball,jheyball1r@arstechnica.com,Bigender,10.23.140.28
65,Edik,Kighly,ekighly1s@nytimes.com,Genderqueer,108.28.43.160
66,Paxton,Mitham,pmitham1t@unc.edu,Male,124.41.13.236
67,Betty,Layne,blayne1u@indiatimes.com,Female,204.101.205.132
68,Clem,Pennington,cpennington1v@bluehost.com,Female,118.253.172.177
69,Ginny,Selcraig,gselcraig1w@ibm.com,Genderqueer,94.120.162.22
70,Timotheus,Baldack,tbaldack1x@nba.com,Bigender,55.56.137.160
71,Maurice,Litton,mlitton1y@squarespace.com,Male,29.28.133.27
72,Raina,Pettwood,rpettwood1z@oakley.com,Female,17.59.156.226
73,Franklin,Slide,fslide20@ustream.tv,Male,117.81.230.70
74,Craggy,Carolan,ccarolan21@china.com.cn,Male,122.64.50.10
75,Langsdon,Mott,lmott22@smh.com.au,Male,186.220.145.221
76,Chrysler,Comber,ccomber23@usnews.com,Female,101.158.23.132
77,Tedda,Laugherane,tlaugherane24@jimdo.com,Female,143.249.6.53
78,Xaviera,Orrin,xorrin25@pagesperso-orange.fr,Female,3.110.119.18
79,Dalton,Billingsly,dbillingsly26@photobucket.com,Male,151.9.243.188
80,Cati,Furze,cfurze27@umn.edu,Female,175.78.167.6
81,Galina,Lillford,glillford28@state.tx.us,Female,152.106.122.47
82,Andra,Gingle,agingle29@multiply.com,Female,106.47.221.28
83,Chandal,Sammes,csammes2a@amazon.co.uk,Female,10.132.159.11
84,Geoffrey,Chellam,gchellam2b@tripadvisor.com,Male,116.122.72.118
85,Hillyer,Mathevon,hmathevon2c@ovh.net,Male,116.3.192.53
86,Anton,Sterzaker,asterzaker2d@dropbox.com,Male,208.245.88.150
87,Fayth,Galvan,fgalvan2e@engadget.com,Female,76.137.205.246
88,Joyous,Billson,jbillson2f@reddit.com,Female,180.120.144.110
89,Samaria,Jonke,sjonke2g@plala.or.jp,Female,137.237.190.227
90,Bronny,Querrard,bquerrard2h@unesco.org,Male,170.189.255.168
91,Helsa,Conaboy,hconaboy2i@geocities.com,Non-binary,25.237.72.147
92,Francene,Mickleborough,fmickleborough2j@exblog.jp,Female,189.23.26.197
93,Stevie,Mungane,smungane2k@intel.com,Male,71.148.109.31
94,Andrey,Merwede,amerwede2l@homestead.com,Male,41.222.20.53
95,Ned,Schwaiger,nschwaiger2m@addthis.com,Male,11.97.122.110
96,Yard,Hevner,yhevner2n@opensource.org,Male,25.238.80.255
97,Wright,Haney,whaney2o@toplist.cz,Male,62.105.134.88
98,Gnni,Pendreigh,gpendreigh2p@facebook.com,Female,159.70.72.138
99,Eb,Rainton,erainton2q@ucoz.com,Male,118.170.218.16
100,Simonette,Pagett,spagett2r@bbb.org,Female,204.210.121.221
101,Sarena,Cremen,scremen2s@columbia.edu,Genderqueer,34.202.21.5
102,Kincaid,Burnep,kburnep2t@nature.com,Male,152.96.115.160
103,Ines,Pinsent,ipinsent2u@china.com.cn,Female,138.140.73.75
104,Malia,Jordin,mjordin2v@pbs.org,Female,60.182.235.51
105,Emelyne,Ferns,eferns2w@sina.com.cn,Female,35.60.250.14
106,Myrlene,Eles,meles2x@biglobe.ne.jp,Female,248.176.143.196
107,Royal,Vivers,rvivers2y@g.co,Male,172.76.60.28
108,Kalila,Henken,khenken2z@nature.com,Female,232.229.51.128
109,Caritta,Crean,ccrean30@slideshare.net,Female,58.56.27.154
110,Lise,Wallbrook,lwallbrook31@howstuffworks.com,Female,240.119.50.90
111,Eldin,Dundridge,edundridge32@patch.com,Male,188.117.138.229
112,Davidde,Di Domenico,ddidomenico33@harvard.edu,Male,32.91.211.173
113,Fawn,Gidney,fgidney34@squidoo.com,Female,160.149.110.89
114,Griffie,Pitchford,gpitchford35@cmu.edu,Male,167.69.242.182
115,Thaddus,Andrei,tandrei36@census.gov,Male,65.241.155.0
116,Nil,Christopherson,nchristopherson37@fc2.com,Male,92.107.41.118
117,Maurise,Garralts,mgarralts38@vinaora.com,Bigender,70.28.180.163
118,Anjanette,MacCracken,amaccracken39@etsy.com,Female,192.10.200.43
119,Walker,Inde,winde3a@marriott.com,Male,49.196.122.205
120,Hakeem,Boshard,hboshard3b@independent.co.uk,Male,255.224.200.238
121,Lionello,Huxham,lhuxham3c@bing.com,Male,28.23.177.212
122,Leese,Reavell,lreavell3d@webs.com,Female,131.61.167.88
123,Yale,Dymick,ydymick3e@house.gov,Male,62.89.8.22
124,Rozina,Dulen,rdulen3f@prnewswire.com,Female,27.235.16.108
125,Marlyn,O'Gormley,mogormley3g@wisc.edu,Female,124.134.253.7
126,Agneta,Tipens,atipens3h@mashable.com,Female,107.133.254.188
127,Patty,Moland,pmoland3i@wordpress.com,Female,41.118.160.135
128,Tabbie,Brecknock,tbrecknock3j@microsoft.com,Male,93.18.240.203
129,Rodney,Beacon,rbeacon3k@umn.edu,Male,57.21.6.18
130,Tanya,Doniso,tdoniso3l@tiny.cc,Female,214.152.234.47
131,Samson,Ketcher,sketcher3m@wordpress.org,Male,46.27.59.2
132,Denyse,Ridout,dridout3n@nba.com,Female,215.187.166.141
133,Shantee,MacFie,smacfie3o@examiner.com,Female,95.80.185.28
134,Dillie,Zavattero,dzavattero3p@uiuc.edu,Male,114.119.122.9
135,Joya,Towey,jtowey3q@usnews.com,Female,43.252.194.93
136,Christopher,McCandie,cmccandie3r@china.com.cn,Male,85.241.192.158
137,Willis,Wilden,wwilden3s@zdnet.com,Male,235.87.88.117
138,Sharon,Skarin,sskarin3t@oakley.com,Female,127.126.192.96
139,Chlo,MacGowan,cmacgowan3u@dailymail.co.uk,Bigender,127.19.71.200
140,Jeana,Rivitt,jrivitt3v@qq.com,Female,119.58.143.136
141,Brooke,Carde,bcarde3w@cdbaby.com,Male,63.73.139.179
142,Magdalena,Sinderson,msinderson3x@uol.com.br,Female,35.203.159.211
143,Chandal,Jullian,cjullian3y@pen.io,Female,83.48.187.30
144,Renard,Earengey,rearengey3z@narod.ru,Male,83.17.219.118
145,Dick,Wimpenny,dwimpenny40@rambler.ru,Male,177.31.122.61
146,Lauryn,Yedy,lyedy41@slate.com,Female,190.111.202.218
147,Kendall,Kill,kkill42@buzzfeed.com,Male,48.148.157.212
148,Shepherd,Songer,ssonger43@wikia.com,Male,10.3.2.223
149,Angelia,Martonfi,amartonfi44@geocities.jp,Female,90.21.200.201
150,Tania,Brayne,tbrayne45@posterous.com,Female,147.9.110.188
151,Alysia,Jersch,ajersch46@plala.or.jp,Female,211.6.47.223
152,Angie,Aspenlon,aaspenlon47@wikipedia.org,Male,155.228.129.166
153,Gunner,Illingworth,gillingworth48@mtv.com,Male,132.129.84.254
154,Hayward,Boc,hboc49@auda.org.au,Male,168.133.165.54
155,Emalia,Bayman,ebayman4a@example.com,Female,151.149.106.137
156,Jessy,Frend,jfrend4b@mysql.com,Female,193.128.207.121
157,Dee,Birkhead,dbirkhead4c@kickstarter.com,Female,109.8.54.195
158,Estrella,Crucetti,ecrucetti4d@github.io,Female,81.37.141.235
159,Karina,Tschierse,ktschierse4e@issuu.com,Female,103.91.79.157
160,Opaline,Colombier,ocolombier4f@google.com.hk,Genderqueer,52.230.67.46
161,Jonas,Berisford,jberisford4g@infoseek.co.jp,Male,179.69.80.53
162,Clemens,Rylance,crylance4h@netscape.com,Male,133.245.100.148
163,Harli,Deegin,hdeegin4i@java.com,Female,133.6.200.178
164,Prent,MacNab,pmacnab4j@elegantthemes.com,Male,83.133.37.3
165,Tabbitha,Agirre,tagirre4k@dedecms.com,Bigender,225.145.104.72
166,Doro,Figgures,dfiggures4l@huffingtonpost.com,Bigender,140.69.215.73
167,Anthony,Fieldhouse,afieldhouse4m@foxnews.com,Male,203.50.73.164
168,Levy,Lutman,llutman4n@cnn.com,Male,187.41.158.202
169,Berta,Skipton,bskipton4o@imageshack.us,Female,101.94.71.206
170,Jolie,Frake,jfrake4p@wikispaces.com,Female,144.34.46.35
171,Daffy,Mac,dmac4q@jiathis.com,Female,192.85.36.178
172,Bernardina,Laffling,blaffling4r@tumblr.com,Female,233.128.235.65
173,Kennith,Josling,kjosling4s@dropbox.com,Male,56.198.144.136
174,Ermanno,Jerger,ejerger4t@jalbum.net,Male,44.199.196.214
175,Dewitt,Kingh,dkingh4u@constantcontact.com,Male,168.195.242.74
176,Clementius,Christofle,cchristofle4v@cbc.ca,Male,113.145.39.148
177,Gracia,Lante,glante4w@wired.com,Female,244.129.228.69
178,Sonja,Jaqueminet,sjaqueminet4x@fotki.com,Female,72.248.123.44
179,Fredelia,Newborn,fnewborn4y@hc360.com,Female,31.84.197.232
180,Ailee,Toffel,atoffel4z@issuu.com,Female,93.189.157.1
181,Cissy,Greenlees,cgreenlees50@yolasite.com,Female,103.118.34.87
182,Ingaberg,Cinelli,icinelli51@blogger.com,Female,132.71.197.67
183,Noah,Kyte,nkyte52@mayoclinic.com,Male,49.236.128.117
184,Tommie,Ortiga,tortiga53@washington.edu,Female,246.62.172.172
185,Savina,Nottle,snottle54@weebly.com,Female,237.67.58.8
186,Jerry,Howison,jhowison55@godaddy.com,Female,44.55.160.187
187,Winston,Giddings,wgiddings56@g.co,Male,208.73.171.119
188,Bari,Whife,bwhife57@wikispaces.com,Female,154.9.103.19
189,Bertie,Baldelli,bbaldelli58@newyorker.com,Male,152.200.134.94
190,Emogene,Crownshaw,ecrownshaw59@constantcontact.com,Female,109.103.117.1
191,Randal,Van Hesteren,rvanhesteren5a@privacy.gov.au,Male,106.139.160.227
192,Zachery,Ahmad,zahmad5b@soup.io,Male,173.121.224.62
193,Devin,Croneen,dcroneen5c@narod.ru,Male,181.170.235.56
194,Luelle,Jacomb,ljacomb5d@utexas.edu,Female,173.112.70.4
195,Tyler,Crawcour,tcrawcour5e@jalbum.net,Male,229.41.102.106
196,Audre,Normaville,anormaville5f@cornell.edu,Female,205.30.146.237
197,Merci,Burnsall,mburnsall5g@stumbleupon.com,Female,171.144.181.153
198,Kore,Shay,kshay5h@si.edu,Female,86.232.46.73
199,Hercule,Pifford,hpifford5i@cnet.com,Male,185.129.232.71
200,Hyacintha,Parlour,hparlour5j@mac.com,Female,162.151.60.186
201,Rivi,Thurlby,rthurlby5k@wordpress.org,Female,52.140.22.38
202,Saundra,Skeene,sskeene5l@trellian.com,Female,217.226.206.124
203,Cherri,Teers,cteers5m@accuweather.com,Female,6.136.97.16
204,Angelica,Goulter,agoulter5n@tuttocitta.it,Female,46.253.12.125
205,Nicolette,Bickerstaff,nbickerstaff5o@deviantart.com,Female,248.11.119.133
206,Chester,Joskovitch,cjoskovitch5p@skype.com,Male,223.120.23.43
207,Fernandina,Fagg,ffagg5q@nature.com,Female,143.53.199.164
208,Giana,Klimuk,gklimuk5r@wikia.com,Female,144.252.253.136
209,Ellie,Camsey,ecamsey5s@dot.gov,Female,53.95.169.182
210,Lee,Vann,lvann5t@shutterfly.com,Male,104.247.58.252
211,Ketti,Chadney,kchadney5u@forbes.com,Female,163.158.226.78
212,Allyn,Clee,aclee5v@qq.com,Female,252.245.242.167
213,Win,Stanyon,wstanyon5w@nsw.gov.au,Male,141.72.225.178
214,Umeko,Beatens,ubeatens5x@123-reg.co.uk,Female,38.133.77.213
215,Mae,Eschelle,meschelle5y@tmall.com,Female,84.123.83.159
216,Lemmy,Ropcke,lropcke5z@studiopress.com,Genderqueer,173.219.29.208
217,Tull,Cobden,tcobden60@jigsy.com,Male,134.247.196.215
218,Curtis,Perrinchief,cperrinchief61@shareasale.com,Male,225.186.222.10
219,Bennie,Spellicy,bspellicy62@bluehost.com,Female,109.21.56.43
220,Nathalia,Stoner,nstoner63@harvard.edu,Female,101.152.123.199
221,Kris,Plumbridge,kplumbridge64@dion.ne.jp,Bigender,34.171.113.9
222,Cliff,Mouton,cmouton65@nifty.com,Male,227.200.58.15
223,Gilly,Ubee,gubee66@ustream.tv,Female,175.153.172.206
224,Augustus,Greenhalf,agreenhalf67@moonfruit.com,Male,208.145.3.7
225,Marilin,Couve,mcouve68@furl.net,Female,1.44.221.86
226,Lester,Winters,lwinters69@nsw.gov.au,Genderfluid,28.94.100.217
227,Maurine,Purple,mpurple6a@ucoz.com,Female,77.36.135.107
228,Goldy,Scrinage,gscrinage6b@creativecommons.org,Polygender,108.238.157.187
229,Phedra,Ecclesall,pecclesall6c@census.gov,Female,133.26.202.139
230,Arabelle,Scapelhorn,ascapelhorn6d@surveymonkey.com,Female,44.106.228.21
231,Langsdon,Dymidowski,ldymidowski6e@pagesperso-orange.fr,Bigender,131.165.5.243
232,Wat,Paramore,wparamore6f@de.vu,Male,101.200.187.63
233,Siana,Bucktharp,sbucktharp6g@wordpress.org,Female,43.157.156.120
234,Gannon,Schwandermann,gschwandermann6h@fema.gov,Male,137.69.34.115
235,Umeko,Clow,uclow6i@ibm.com,Female,57.195.43.42
236,Adora,Marvin,amarvin6j@yandex.ru,Female,95.6.207.196
237,Ronnie,Gawthorp,rgawthorp6k@sohu.com,Male,85.234.138.157
238,Andie,Fonzo,afonzo6l@squarespace.com,Female,72.18.208.127
239,Valentin,MacQuarrie,vmacquarrie6m@mashable.com,Male,30.250.154.26
240,Waly,McGauhy,wmcgauhy6n@myspace.com,Female,155.172.64.107
241,Archibaldo,Blant,ablant6o@about.com,Male,155.197.243.63
242,Maryanne,Hanster,mhanster6p@twitpic.com,Female,10.126.3.128
243,Odelia,Learoyde,olearoyde6q@1und1.de,Female,111.49.46.105
244,Dottie,Rockwill,drockwill6r@chicagotribune.com,Female,135.130.91.152
245,Garvey,Quested,gquested6s@mapy.cz,Male,30.156.153.130
246,Curt,Bonnin,cbonnin6t@diigo.com,Male,127.186.250.98
247,Thain,Behagg,tbehagg6u@dell.com,Male,164.104.0.43
248,Ronald,Vanini,rvanini6v@blogs.com,Male,96.32.157.237
249,Yuri,McCuis,ymccuis6w@devhub.com,Genderfluid,204.87.227.102
250,Barb,Turpin,bturpin6x@jigsy.com,Female,253.160.19.60
251,Margareta,Wybern,mwybern6y@ask.com,Non-binary,189.250.155.162
252,Prudence,Marginson,pmarginson6z@icio.us,Female,132.23.253.252
253,Evangelina,Henriet,ehenriet70@cocolog-nifty.com,Genderfluid,208.21.145.189
254,Alf,Saddleton,asaddleton71@uiuc.edu,Genderfluid,203.116.70.226
255,Grove,Barsam,gbarsam72@plala.or.jp,Male,164.154.215.210
256,Ashley,Giacobbo,agiacobbo73@marriott.com,Male,92.173.194.156
257,Ingmar,Brinicombe,ibrinicombe74@kickstarter.com,Male,128.255.204.41
258,Julienne,Brownill,jbrownill75@abc.net.au,Female,253.232.2.129
259,Melita,Golland,mgolland76@uol.com.br,Female,225.51.240.232
260,Mireille,Labitt,mlabitt77@nymag.com,Female,203.155.87.101
261,Alanson,Adds,aadds78@netscape.com,Male,103.149.110.246
262,Neile,Samsworth,nsamsworth79@mapy.cz,Female,193.84.224.201
263,Noam,Undy,nundy7a@etsy.com,Male,15.39.72.154
264,Mischa,Cornall,mcornall7b@walmart.com,Male,171.110.189.228
265,Gaby,Hostan,ghostan7c@delicious.com,Male,68.142.199.192
266,Rudyard,Fussie,rfussie7d@stanford.edu,Male,10.20.212.124
267,Udall,Guislin,uguislin7e@si.edu,Male,22.146.9.27
268,Corbin,Helder,chelder7f@cafepress.com,Male,180.186.224.42
269,Jeremie,Docket,jdocket7g@paginegialle.it,Male,231.85.137.10
270,Nikita,Waye,nwaye7h@sogou.com,Male,18.3.53.64
271,Jandy,Delue,jdelue7i@google.it,Female,110.160.245.3
272,Yolane,Ilsley,yilsley7j@pbs.org,Female,252.12.235.89
273,Constantine,Delahunty,cdelahunty7k@reference.com,Male,115.106.243.135
274,Skippie,Lidden,slidden7l@macromedia.com,Male,150.101.236.51
275,Shari,Danielkiewicz,sdanielkiewicz7m@eventbrite.com,Female,184.94.250.17
276,Aldin,Sadlier,asadlier7n@goo.ne.jp,Male,113.172.108.191
277,Bondon,Redish,bredish7o@purevolume.com,Male,177.85.166.227
278,Mavra,Readitt,mreaditt7p@addthis.com,Female,9.118.183.199
279,Giff,Felce,gfelce7q@amazon.co.uk,Male,138.122.113.52
280,Hubie,Eminson,heminson7r@cbc.ca,Male,59.10.157.219
281,Caron,Goodwyn,cgoodwyn7s@cmu.edu,Female,45.85.87.93
282,Annabelle,Kelby,akelby7t@goo.ne.jp,Female,28.120.187.21
283,Beverlie,Curless,bcurless7u@nps.gov,Female,174.72.4.137
284,Kelsi,Joss,kjoss7v@stanford.edu,Female,187.154.210.244
285,Bryna,Erik,berik7w@miibeian.gov.cn,Female,75.159.251.22
286,Adeline,Adess,aadess7x@comcast.net,Female,120.197.84.51
287,Bo,Littlechild,blittlechild7y@paypal.com,Male,185.23.105.254
288,Neila,Gianelli,ngianelli7z@mediafire.com,Female,245.206.229.225
289,Deana,Puvia,dpuvia80@icio.us,Female,126.68.100.52
290,Jessica,Surgen,jsurgen81@wikimedia.org,Female,206.55.101.129
291,Dino,Attride,dattride82@hud.gov,Male,173.12.60.88
292,Dita,Barabisch,dbarabisch83@globo.com,Female,168.153.24.81
293,Illa,Gallatly,igallatly84@biblegateway.com,Female,194.249.187.56
294,Etan,Boulder,eboulder85@bbb.org,Polygender,250.252.105.201
295,Ronnie,Sabben,rsabben86@moonfruit.com,Genderfluid,201.154.113.141
296,Elke,Crothers,ecrothers87@i2i.jp,Female,175.2.48.115
297,Querida,Guiett,qguiett88@thetimes.co.uk,Female,142.55.139.7
298,Christoper,Greenhalf,cgreenhalf89@go.com,Male,62.174.10.101
299,Rorke,Boocock,rboocock8a@storify.com,Male,204.41.207.100
300,Tait,Arniz,tarniz8b@answers.com,Male,227.11.29.80
301,Melita,Niece,mniece8c@harvard.edu,Female,136.78.149.7
302,Maura,Garbott,mgarbott8d@bigcartel.com,Female,111.142.188.174
303,Sally,Feltoe,sfeltoe8e@tripod.com,Genderqueer,245.102.199.10
304,Willow,Horsley,whorsley8f@mlb.com,Female,14.101.181.102
305,Shanna,Dumbellow,sdumbellow8g@privacy.gov.au,Agender,230.152.183.148
306,Lou,Melesk,lmelesk8h@slate.com,Female,44.233.139.37
307,Fara,Brummell,fbrummell8i@answers.com,Female,150.53.188.204
308,Jareb,Yielding,jyielding8j@addtoany.com,Male,11.7.77.240
309,Calhoun,Brayne,cbrayne8k@mediafire.com,Male,65.196.246.234
310,Karil,Gooddie,kgooddie8l@wunderground.com,Genderfluid,175.99.238.93
311,Cos,Heigold,cheigold8m@pbs.org,Male,187.14.230.208
312,Victor,Grealey,vgrealey8n@timesonline.co.uk,Male,255.210.86.201
313,Nomi,Allcock,nallcock8o@qq.com,Female,83.157.104.255
314,Ethelda,Caro,ecaro8p@ow.ly,Female,210.107.166.241
315,Otes,Brazier,obrazier8q@goo.gl,Male,52.175.183.85
316,Tobin,Cisson,tcisson8r@hostgator.com,Male,102.24.139.63
317,Bree,Crain,bcrain8s@ucla.edu,Female,66.24.125.135
318,Gayle,O'Lagen,golagen8t@prweb.com,Female,129.82.179.222
319,Effie,Seson,eseson8u@lulu.com,Female,162.159.171.63
320,Clemmie,Meynell,cmeynell8v@deviantart.com,Male,134.214.184.162
321,Lucky,Bremley,lbremley8w@sfgate.com,Female,74.231.223.44
322,Melesa,Yakunikov,myakunikov8x@purevolume.com,Female,46.143.221.40
323,Shaun,Oulet,soulet8y@icio.us,Female,223.78.102.70
324,Hermine,Hardware,hhardware8z@amazonaws.com,Female,67.204.81.203
325,Denis,Selly,dselly90@answers.com,Male,53.209.147.152
326,Dietrich,Durrad,ddurrad91@dyndns.org,Male,46.194.210.65
327,Ramona,Gwynne,rgwynne92@harvard.edu,Female,142.18.248.210
328,Roseann,Realff,rrealff93@meetup.com,Female,160.138.254.188
329,Phil,Tincey,ptincey94@youku.com,Male,83.59.98.144
330,Marla,Warrick,mwarrick95@amazonaws.com,Female,83.40.4.68
331,Bruis,Mount,bmount96@illinois.edu,Male,204.81.197.113
332,Muhammad,Biscomb,mbiscomb97@squarespace.com,Male,125.28.218.228
333,Bevan,Bilston,bbilston98@privacy.gov.au,Male,232.30.91.75
334,Noak,Epps,nepps99@feedburner.com,Male,211.60.247.190
335,Donaugh,Hellin,dhellin9a@flavors.me,Male,129.121.175.33
336,Lyndsay,Cotterell,lcotterell9b@flavors.me,Female,53.233.78.40
337,Marcela,Dmiterko,mdmiterko9c@cbc.ca,Female,216.215.210.59
338,Grissel,Winterton,gwinterton9d@paypal.com,Female,126.31.129.174
339,Demetri,Mapp,dmapp9e@sphinn.com,Male,252.198.80.76
340,Daven,Nail,dnail9f@ocn.ne.jp,Male,67.189.56.72
341,Major,Mabley,mmabley9g@google.ca,Male,216.131.104.240
342,Alfonse,Gaddes,agaddes9h@mysql.com,Male,220.73.14.145
343,Virgina,Thurske,vthurske9i@paginegialle.it,Female,40.117.95.132
344,Carling,Epsley,cepsley9j@ameblo.jp,Male,217.13.244.25
345,Charo,Wylder,cwylder9k@smugmug.com,Female,186.218.17.140
346,Sharai,Wonfar,swonfar9l@google.co.jp,Female,157.17.62.221
347,Bondon,Barhems,bbarhems9m@patch.com,Male,37.24.251.0
348,Rey,Schukraft,rschukraft9n@skype.com,Male,42.27.206.56
349,Hart,Rottery,hrottery9o@examiner.com,Non-binary,130.167.240.7
350,Anastasie,Mealing,amealing9p@comsenz.com,Female,44.116.246.130
351,Ashia,Redhole,aredhole9q@google.ca,Female,51.140.63.1
352,Frazier,Maidment,fmaidment9r@acquirethisname.com,Male,249.124.230.99
353,Maximilianus,Scutchings,mscutchings9s@behance.net,Male,194.57.91.213
354,Guinna,Doyle,gdoyle9t@mit.edu,Female,202.34.156.5
355,Amber,Sturges,asturges9u@macromedia.com,Female,218.225.212.144
356,Karlie,Bramwich,kbramwich9v@quantcast.com,Female,41.157.149.177
357,Whit,Dybell,wdybell9w@dell.com,Male,127.216.38.47
358,Genna,Pearton,gpearton9x@1und1.de,Female,121.47.161.193
359,Amanda,Scowen,ascowen9y@slideshare.net,Female,143.160.140.206
360,Marie,Chrestien,mchrestien9z@vk.com,Female,48.32.69.147
361,Wren,Edmundson,wedmundsona0@so-net.ne.jp,Female,112.136.145.140
362,Elisabetta,Benettelli,ebenettellia1@ucsd.edu,Female,189.102.58.119
363,Kenneth,Yitzhak,kyitzhaka2@tamu.edu,Male,65.81.57.88
364,Derick,Jaspar,djaspara3@virginia.edu,Male,21.230.98.231
365,Tripp,Higgan,thiggana4@macromedia.com,Male,215.8.41.167
366,Loise,Manginot,lmanginota5@blogtalkradio.com,Bigender,26.38.41.177
367,Buck,Skelbeck,bskelbecka6@bizjournals.com,Genderfluid,206.64.78.59
368,Dionysus,Flockhart,dflockharta7@discuz.net,Male,43.210.22.138
369,Kaine,Tweed,ktweeda8@oaic.gov.au,Male,68.67.208.254
370,Shaun,Cantero,scanteroa9@com.com,Male,199.168.115.241
371,Curry,Eastgate,ceastgateaa@imageshack.us,Male,33.82.5.80
372,Celestia,Vanyatin,cvanyatinab@imdb.com,Female,215.210.7.208
373,Gert,Legrice,glegriceac@nhs.uk,Female,116.7.193.77
374,Nigel,Cinderey,ncindereyad@prweb.com,Male,153.136.81.6
375,Ronica,Feather,rfeatherae@nba.com,Female,79.65.173.66
376,Redd,Badby,rbadbyaf@samsung.com,Male,98.209.201.194
377,Bradan,Baskett,bbaskettag@latimes.com,Male,79.150.144.17
378,Phillipe,Brasted,pbrastedah@ow.ly,Male,113.162.131.125
379,Raine,Pheasey,rpheaseyai@utexas.edu,Female,70.195.167.156
380,Eba,Elleton,eelletonaj@amazon.co.jp,Female,165.73.173.248
381,Heall,Joliffe,hjoliffeak@bing.com,Male,169.116.141.239
382,Cymbre,Simmons,csimmonsal@illinois.edu,Female,0.31.238.90
383,Valeda,Charker,vcharkeram@youtube.com,Female,230.137.22.157
384,Alan,Wayon,awayonan@ocn.ne.jp,Male,0.206.150.25
385,Dacy,Lightman,dlightmanao@nasa.gov,Female,47.92.74.191
386,Tove,Swait,tswaitap@list-manage.com,Female,206.222.78.98
387,Tobias,Walsh,twalshaq@mlb.com,Male,165.134.230.29
388,Alverta,Elnaugh,aelnaughar@statcounter.com,Female,57.134.253.190
389,Way,Peplay,wpeplayas@nasa.gov,Bigender,30.238.17.39
390,Angelina,Carleton,acarletonat@about.me,Female,9.98.129.134
391,Yardley,Raffan,yraffanau@pinterest.com,Male,165.150.187.87
392,Kathleen,Clemot,kclemotav@dropbox.com,Female,225.96.130.52
393,Milka,Naper,mnaperaw@topsy.com,Female,35.29.17.241
394,Amity,Janout,ajanoutax@slideshare.net,Female,8.99.151.181
395,Morse,Horrell,mhorrellay@i2i.jp,Male,153.197.112.227
396,Tuck,Georg,tgeorgaz@huffingtonpost.com,Male,60.58.36.161
397,Egbert,Casaccio,ecasacciob0@ft.com,Male,175.151.160.152
398,Gibb,Rushe,grusheb1@wufoo.com,Male,223.184.218.31
399,Shirley,Beebe,sbeebeb2@engadget.com,Polygender,199.154.200.142
400,Brade,Rosbrough,brosbroughb3@weibo.com,Male,230.231.135.73
401,Tamiko,Yann,tyannb4@sciencedaily.com,Female,242.71.96.151
402,Zolly,Baillie,zbaillieb5@intel.com,Non-binary,193.44.87.65
403,Rachel,Lyver,rlyverb6@berkeley.edu,Female,31.37.34.28
404,Allan,Skains,askainsb7@techcrunch.com,Male,244.175.79.176
405,Bronny,Silcocks,bsilcocksb8@admin.ch,Male,58.56.226.184
406,Cherish,Athowe,cathoweb9@msu.edu,Female,135.130.52.62
407,Shirline,Gristhwaite,sgristhwaiteba@hostgator.com,Female,213.93.138.167
408,Alexis,Amberson,aambersonbb@sogou.com,Female,241.165.177.159
409,Gerome,De Nisco,gdeniscobc@twitpic.com,Male,204.36.72.0
410,Olympia,Morcom,omorcombd@amazon.de,Female,216.81.181.138
411,Sharia,Geffe,sgeffebe@fastcompany.com,Female,31.107.56.201
412,Nickey,Cuddon,ncuddonbf@google.fr,Male,44.154.52.71
413,Robby,Vanyatin,rvanyatinbg@twitter.com,Female,227.237.142.124
414,Khalil,Whetnell,kwhetnellbh@va.gov,Male,251.150.227.213
415,Jaynell,Fibbens,jfibbensbi@webeden.co.uk,Female,173.1.168.14
416,Arlan,Swatheridge,aswatheridgebj@nih.gov,Male,40.242.206.234
417,Hilliary,Crawford,hcrawfordbk@list-manage.com,Female,50.160.6.15
418,Willetta,Hearnah,whearnahbl@bandcamp.com,Female,108.201.67.60
419,Florentia,Keyworth,fkeyworthbm@sfgate.com,Female,222.29.201.172
420,Stefan,Morat,smoratbn@flickr.com,Male,237.189.51.113
421,Dasya,Form,dformbo@yellowpages.com,Female,5.205.217.71
422,Sergei,MacAllaster,smacallasterbp@dagondesign.com,Male,7.206.245.150
423,Stormi,Ridolfo,sridolfobq@a8.net,Female,191.208.198.244
424,Gregor,Musterd,gmusterdbr@domainmarket.com,Non-binary,223.168.201.136
425,Ainsley,Haugg,ahauggbs@scribd.com,Female,101.77.159.130
426,Timothea,Jameson,tjamesonbt@fc2.com,Female,136.224.173.120
427,Sutherlan,Savell,ssavellbu@people.com.cn,Male,158.56.128.56
428,Whitman,Pinwill,wpinwillbv@engadget.com,Male,161.213.91.93
429,Bendick,Ellson,bellsonbw@histats.com,Male,169.141.145.228
430,Gipsy,Feria,gferiabx@github.com,Female,51.8.79.63
431,Hilary,Ambrogio,hambrogioby@so-net.ne.jp,Male,167.151.196.82
432,Garrett,Wyvill,gwyvillbz@github.com,Male,239.159.19.209
433,Brittney,Easseby,beassebyc0@gizmodo.com,Female,34.245.62.47
434,Eirena,Oiseau,eoiseauc1@thetimes.co.uk,Female,175.35.134.232
435,Sharai,Bartleet,sbartleetc2@devhub.com,Female,91.25.39.42
436,Berkie,Haith,bhaithc3@reference.com,Male,202.163.25.160
437,Zebedee,Shevelin,zshevelinc4@odnoklassniki.ru,Male,128.144.218.240
438,Sibel,Skeemer,sskeemerc5@github.io,Female,218.189.102.249
439,Shalom,Bellchamber,sbellchamberc6@hhs.gov,Non-binary,185.176.232.205
440,Ebenezer,Welldrake,ewelldrakec7@tiny.cc,Male,58.161.106.157
441,Garth,Stimson,gstimsonc8@tripadvisor.com,Male,81.44.227.136
442,Katlin,Rabb,krabbc9@unesco.org,Female,206.17.99.182
443,Man,Geeraert,mgeeraertca@biglobe.ne.jp,Male,4.150.228.39
444,Appolonia,Ovett,aovettcb@unicef.org,Female,157.48.1.23
445,Sharlene,Suffield,ssuffieldcc@sakura.ne.jp,Female,40.101.127.156
446,Charmion,Foxton,cfoxtoncd@ask.com,Agender,58.214.233.172
447,Gillan,Eskriet,geskrietce@google.com.hk,Non-binary,105.201.175.241
448,Glynis,Eates,geatescf@comsenz.com,Female,16.150.93.91
449,Elvera,Johananoff,ejohananoffcg@noaa.gov,Female,158.172.237.127
450,Tabina,Duffield,tduffieldch@linkedin.com,Female,65.130.149.205
451,Frederico,Schulz,fschulzci@biglobe.ne.jp,Male,184.247.48.20
452,Jackie,Standley,jstandleycj@lycos.com,Female,166.100.40.29
453,Walsh,Bollands,wbollandsck@chron.com,Male,4.126.253.9
454,Wesley,Caughtry,wcaughtrycl@elegantthemes.com,Male,227.86.231.171
455,Gris,MacCrackan,gmaccrackancm@webmd.com,Male,189.154.216.44
456,Lowrance,Pikhno,lpikhnocn@cisco.com,Male,91.130.106.187
457,Denys,Casiroli,dcasirolico@rediff.com,Male,237.191.103.28
458,Ferris,Braunle,fbraunlecp@apple.com,Male,199.45.89.176
459,Suzanna,Pagon,spagoncq@ucla.edu,Female,131.62.117.50
460,Margit,Mackrill,mmackrillcr@ucoz.ru,Female,31.27.102.73
461,Rem,Covolini,rcovolinics@myspace.com,Male,43.250.63.46
462,Maryann,Kneesha,mkneeshact@dagondesign.com,Polygender,186.172.104.146
463,Bealle,Leynagh,bleynaghcu@thetimes.co.uk,Male,53.66.125.196
464,Marlowe,Esposito,mespositocv@dyndns.org,Male,64.172.222.193
465,Fulvia,Turrill,fturrillcw@wordpress.com,Female,70.161.140.25
466,Ellsworth,Kybbye,ekybbyecx@tinyurl.com,Male,130.93.230.199
467,Millie,Fryett,mfryettcy@geocities.com,Female,118.131.196.225
468,Rickie,De L'Isle,rdelislecz@engadget.com,Non-binary,101.149.94.54
469,Ollie,Stirland,ostirlandd0@google.com,Male,159.188.123.27
470,Claire,Burmaster,cburmasterd1@mit.edu,Male,101.190.191.43
471,Haley,Matchett,hmatchettd2@printfriendly.com,Male,192.154.117.156
472,Laurens,O'Shevlin,loshevlind3@ameblo.jp,Male,204.159.220.62
473,Carlynn,Dobbs,cdobbsd4@multiply.com,Agender,29.122.160.196
474,Aprilette,Dunphie,adunphied5@reference.com,Female,227.5.209.91
475,Brad,Mathes,bmathesd6@oaic.gov.au,Male,132.142.23.232
476,Lanny,Smedmoor,lsmedmoord7@wikispaces.com,Male,169.180.148.170
477,Bentley,Wolfarth,bwolfarthd8@hibu.com,Male,105.193.25.167
478,Norry,Teal,nteald9@harvard.edu,Female,11.112.65.209
479,Lizette,Osant,losantda@instagram.com,Female,53.231.174.158
480,Ambrose,Gammell,agammelldb@privacy.gov.au,Non-binary,40.120.117.87
481,Tedman,MacNeil,tmacneildc@mediafire.com,Male,147.121.161.131
482,Hector,Grainge,hgraingedd@hubpages.com,Male,63.192.6.243
483,Suzann,Whitesel,swhiteselde@constantcontact.com,Female,163.255.193.86
484,Adrianne,Dolley,adolleydf@stanford.edu,Female,162.183.200.25
485,Beltran,Strippling,bstripplingdg@cyberchimps.com,Male,61.206.239.50
486,Obadiah,Hindsberg,ohindsbergdh@nbcnews.com,Male,194.167.161.155
487,Carroll,Attow,cattowdi@t-online.de,Female,200.108.76.237
488,Corie,Llop,cllopdj@jugem.jp,Female,106.151.156.32
489,Rusty,Burnard,rburnarddk@mozilla.org,Male,185.121.205.161
490,Nolan,Tydeman,ntydemandl@cnbc.com,Male,103.144.177.74
491,Loutitia,Dunbar,ldunbardm@discuz.net,Female,174.140.58.103
492,Pacorro,Cowl,pcowldn@163.com,Male,114.131.31.113
493,Tanney,Greenall,tgreenalldo@163.com,Male,208.99.120.214
494,Olga,Bordone,obordonedp@addthis.com,Female,51.219.100.235
495,Madelina,Gartrell,mgartrelldq@buzzfeed.com,Female,51.126.246.158
496,Nicolina,Sharland,nsharlanddr@netlog.com,Female,191.54.132.171
497,Bryan,Ellingham,bellinghamds@seattletimes.com,Male,163.163.170.231
498,Siegfried,Cluatt,scluattdt@blogger.com,Male,120.124.217.118
499,Taite,Wrightem,twrightemdu@tiny.cc,Male,117.174.28.8
500,Cammy,Brooke,cbrookedv@hubpages.com,Male,16.224.102.16
501,Tommy,Wehden,twehdendw@ftc.gov,Male,177.73.157.53
502,Tillie,Holdforth,tholdforthdx@shareasale.com,Female,124.14.187.31
503,Junie,Bygreaves,jbygreavesdy@europa.eu,Female,126.231.58.91
504,Brynna,Growy,bgrowydz@bing.com,Female,11.132.245.176
505,Ichabod,Crauford,icrauforde0@aol.com,Male,253.25.113.216
506,Ernie,Manthorpe,emanthorpee1@va.gov,Male,60.235.132.49
507,Lannie,Sperwell,lsperwelle2@51.la,Non-binary,44.95.212.251
508,Gertrud,Edie,gediee3@facebook.com,Female,159.9.199.203
509,Borden,Olivetti,bolivettie4@whitehouse.gov,Male,161.94.176.84
510,Thorvald,Yelden,tyeldene5@delicious.com,Male,175.190.221.40
511,Bethena,Schoffel,bschoffele6@blinklist.com,Female,1.245.213.132
512,Cindie,Aberchirder,caberchirdere7@umn.edu,Female,185.24.216.222
513,Vanda,Kemitt,vkemitte8@un.org,Female,92.182.62.255
514,Benoite,Fenning,bfenninge9@domainmarket.com,Female,17.190.136.172
515,Caroljean,Arniz,carnizea@123-reg.co.uk,Female,236.2.98.186
516,Saxe,Jennions,sjennionseb@mashable.com,Male,24.35.39.201
517,Nealy,Fullagar,nfullagarec@webs.com,Male,84.5.44.194
518,Shaun,Mart,smarted@instagram.com,Male,229.204.39.140
519,Susana,Polglaze,spolglazeee@reverbnation.com,Female,225.64.204.96
520,Filbert,Laffoley-Lane,flaffoleylaneef@zdnet.com,Male,22.155.218.172
521,Jacquelin,Vint,jvinteg@moonfruit.com,Female,18.127.220.68
522,Lauretta,Morrill,lmorrilleh@biblegateway.com,Female,64.198.163.126
523,Lev,Hasely,lhaselyei@privacy.gov.au,Male,137.154.53.7
524,Ora,Delafoy,odelafoyej@theglobeandmail.com,Female,79.64.65.15
525,Raquela,Gallego,rgallegoek@imageshack.us,Female,155.187.252.18
526,Lavinia,Kilgallen,lkilgallenel@odnoklassniki.ru,Female,23.245.146.121
527,Claudelle,Stiggers,cstiggersem@exblog.jp,Female,89.12.97.36
528,Cristen,Shillaker,cshillakeren@homestead.com,Female,79.135.62.62
529,Beatriz,Hawkyens,bhawkyenseo@printfriendly.com,Female,240.244.44.124
530,Larry,Coudray,lcoudrayep@angelfire.com,Male,182.242.26.70
531,Ronica,Hendonson,rhendonsoneq@youku.com,Female,110.215.83.193
532,Bastien,Walisiak,bwalisiaker@vistaprint.com,Male,182.217.218.154
533,Parke,Cunde,pcundees@businesswire.com,Male,171.79.77.27
534,Jemima,Fairhead,jfairheadet@utexas.edu,Female,37.254.111.195
535,Alfonso,Montel,amonteleu@dion.ne.jp,Male,96.12.55.200
536,Deeyn,Dobbings,ddobbingsev@360.cn,Bigender,242.253.24.56
537,Bonita,Baldwin,bbaldwinew@simplemachines.org,Female,253.238.143.145
538,Yves,Rimes,yrimesex@opensource.org,Male,68.170.150.185
539,Deedee,Hearsey,dhearseyey@bbb.org,Female,167.138.67.23
540,Saul,Maiklem,smaiklemez@friendfeed.com,Male,31.154.161.162
541,Fayette,Puig,fpuigf0@topsy.com,Female,197.167.85.87
542,Jolene,Shoute,jshoutef1@squarespace.com,Female,181.45.112.79
543,Conrade,Tillerton,ctillertonf2@surveymonkey.com,Agender,97.166.252.189
544,Toby,Sylvester,tsylvesterf3@miitbeian.gov.cn,Female,41.146.19.36
545,Reynard,Lishman,rlishmanf4@yellowbook.com,Male,165.67.114.194
546,Shelton,Hartopp,shartoppf5@behance.net,Male,143.148.227.13
547,Arlena,Esposita,aespositaf6@cyberchimps.com,Genderqueer,179.123.219.34
548,Ware,Arnely,warnelyf7@technorati.com,Male,117.1.201.65
549,Marsha,Wheatman,mwheatmanf8@typepad.com,Non-binary,61.136.117.17
550,Verine,Simants,vsimantsf9@go.com,Female,131.240.76.64
551,Kamillah,Dearell,kdearellfa@ucsd.edu,Female,142.254.205.111
552,Jerrie,Migheli,jmighelifb@va.gov,Male,8.65.42.218
553,Irwin,Hankard,ihankardfc@reuters.com,Male,244.152.140.43
554,Caz,Flaws,cflawsfd@who.int,Male,227.246.0.242
555,Micki,Fayter,mfayterfe@whitehouse.gov,Female,98.136.18.83
556,Corly,Haggie,chaggieff@scientificamerican.com,Female,114.5.215.171
557,Cissiee,Gwin,cgwinfg@google.com.au,Female,143.216.231.143
558,Tamarah,Farnsworth,tfarnsworthfh@sfgate.com,Female,71.83.199.252
559,Desiri,Rosenbusch,drosenbuschfi@biglobe.ne.jp,Female,72.81.26.58
560,Shanon,Sickamore,ssickamorefj@yelp.com,Female,107.174.243.37
561,Bennett,Tomaszewicz,btomaszewiczfk@census.gov,Male,212.0.214.196
562,Bar,Burne,bburnefl@springer.com,Male,247.112.107.142
563,Aggie,Couvert,acouvertfm@wikispaces.com,Female,38.87.159.77
564,Florance,Rountree,frountreefn@sogou.com,Female,97.183.17.137
565,Thorin,Kordovani,tkordovanifo@intel.com,Male,121.179.129.137
566,Brande,Darnbrough,bdarnbroughfp@aol.com,Female,10.7.96.47
567,Dottie,Rives,drivesfq@themeforest.net,Female,243.238.107.84
568,Diego,Coil,dcoilfr@pagesperso-orange.fr,Male,177.131.180.203
569,Moises,Lightning,mlightningfs@wikipedia.org,Male,86.242.129.163
570,Tammi,Corteney,tcorteneyft@wikimedia.org,Female,206.32.227.248
571,Zorine,Pettus,zpettusfu@goodreads.com,Female,147.183.66.48
572,Ambrosi,Hevey,aheveyfv@csmonitor.com,Male,146.107.37.204
573,Miriam,Attrey,mattreyfw@yale.edu,Non-binary,100.237.23.28
574,Keelia,Swynfen,kswynfenfx@japanpost.jp,Female,232.217.126.4
575,Frederique,Quadrio,fquadriofy@loc.gov,Bigender,239.175.132.147
576,Doretta,Chatainier,dchatainierfz@e-recht24.de,Female,208.232.228.28
577,Any,Lifsey,alifseyg0@webmd.com,Male,190.21.187.114
578,Olva,MacFadyen,omacfadyeng1@pbs.org,Female,3.109.213.56
579,Ollie,Backshell,obackshellg2@techcrunch.com,Female,84.142.112.213
580,Deny,Sarfass,dsarfassg3@indiatimes.com,Female,69.99.95.189
581,Annadiana,Fahy,afahyg4@aol.com,Female,249.144.224.147
582,Lorens,Killby,lkillbyg5@symantec.com,Male,78.156.129.138
583,Karalee,Sinkin,ksinking6@amazonaws.com,Female,138.26.193.221
584,Eolande,Creasy,ecreasyg7@theglobeandmail.com,Female,125.72.40.187
585,Lemmy,Stathers,lstathersg8@linkedin.com,Male,148.167.11.147
586,Thaxter,O'Carran,tocarrang9@icq.com,Male,190.225.105.101
587,Raymond,Rosenshine,rrosenshinega@bing.com,Male,192.232.143.109
588,Devi,Fidele,dfidelegb@123-reg.co.uk,Female,182.59.27.189
589,Averell,Deyes,adeyesgc@t-online.de,Male,22.84.234.95
590,Denni,Ubsdell,dubsdellgd@ask.com,Female,196.75.247.90
591,Duane,Tack,dtackge@tuttocitta.it,Male,122.175.61.156
592,Trula,Duplock,tduplockgf@prweb.com,Female,48.23.105.79
593,Mahala,Hamson,mhamsongg@csmonitor.com,Female,97.203.120.107
594,Kenneth,Prewer,kprewergh@oracle.com,Male,191.21.197.245
595,Annice,Mulloch,amullochgi@uiuc.edu,Female,54.25.23.35
596,Bern,Hebbron,bhebbrongj@so-net.ne.jp,Male,216.153.168.129
597,Violetta,Daffey,vdaffeygk@ovh.net,Female,4.55.21.229
598,Hermann,Rixon,hrixongl@nifty.com,Agender,26.49.228.22
599,Allyn,Bellino,abellinogm@google.de,Male,58.99.46.108
600,Winni,Camilli,wcamillign@nba.com,Female,140.47.194.164
601,Valaree,Wrankling,vwranklinggo@theguardian.com,Female,156.58.183.130
602,Tynan,Wisden,twisdengp@aol.com,Male,77.188.56.135
603,Somerset,Gurley,sgurleygq@networkadvertising.org,Male,171.201.65.40
604,Jobi,Gommery,jgommerygr@cocolog-nifty.com,Female,32.244.200.98
605,Mahalia,Boxen,mboxengs@utexas.edu,Female,246.203.83.166
606,Billy,Heims,bheimsgt@chronoengine.com,Female,124.3.118.45
607,Irena,Esland,ieslandgu@pbs.org,Female,236.63.223.139
608,Kori,Hamsley,khamsleygv@theglobeandmail.com,Female,156.211.89.250
609,Beverlie,Presslee,bpressleegw@a8.net,Female,52.159.130.159
610,Rhianon,O'Rafferty,roraffertygx@un.org,Female,76.191.189.243
611,Wandis,Duggan,wduggangy@pinterest.com,Female,224.231.32.186
612,Beilul,Sibbit,bsibbitgz@ed.gov,Female,187.233.230.194
613,Edy,Niccols,eniccolsh0@yelp.com,Female,234.161.99.2
614,Jozef,Benda,jbendah1@toplist.cz,Male,61.208.98.194
615,Harriott,Blabey,hblabeyh2@ihg.com,Female,93.11.115.184
616,Deonne,Mathelon,dmathelonh3@sun.com,Female,135.75.80.160
617,Minta,Dobel,mdobelh4@nymag.com,Female,238.41.113.43
618,Rafaelia,Matt,rmatth5@over-blog.com,Female,111.212.218.35
619,Danita,Lievesley,dlievesleyh6@columbia.edu,Female,134.236.8.129
620,Tabbie,Futter,tfutterh7@upenn.edu,Male,157.84.167.63
621,Myrwyn,Ritchley,mritchleyh8@va.gov,Male,55.134.190.1
622,Risa,Wermerling,rwermerlingh9@oakley.com,Female,167.125.83.135
623,Leta,Tukesby,ltukesbyha@google.de,Female,131.161.206.123
624,Briano,Brodeau,bbrodeauhb@ebay.co.uk,Male,205.166.96.229
625,Klara,Guilloux,kguillouxhc@prlog.org,Female,50.22.3.55
626,Maggi,Hillhouse,mhillhousehd@ed.gov,Female,176.0.105.94
627,Sherill,Robeson,srobesonhe@senate.gov,Female,165.254.244.111
628,Dredi,Slany,dslanyhf@state.tx.us,Female,74.66.1.200
629,Mariquilla,Claughton,mclaughtonhg@marketwatch.com,Female,228.231.126.98
630,Pattie,Schellig,pschellighh@freewebs.com,Male,32.70.229.113
631,Nealon,Littlewood,nlittlewoodhi@sphinn.com,Male,132.55.238.246
632,Winston,Blennerhassett,wblennerhassetthj@prweb.com,Polygender,18.206.0.70
633,Eddy,Connold,econnoldhk@archive.org,Female,220.14.18.83
634,Wyatt,Maling,wmalinghl@paypal.com,Male,40.180.139.142
635,Rip,Kitchen,rkitchenhm@blinklist.com,Male,20.167.118.181
636,Sonny,Busch,sbuschhn@tinypic.com,Female,216.189.95.78
637,Raye,Yanele,ryaneleho@people.com.cn,Female,255.208.52.195
638,Bernarr,Warnes,bwarneshp@webnode.com,Male,74.183.204.172
639,Aime,Churchard,achurchardhq@baidu.com,Female,146.158.145.35
640,Shaun,Siege,ssiegehr@cafepress.com,Male,118.202.91.165
641,Ninnette,Peasey,npeaseyhs@desdev.cn,Female,39.201.77.246
642,Frank,Pitblado,fpitbladoht@adobe.com,Male,16.82.10.33
643,Antons,Hawksby,ahawksbyhu@t.co,Male,226.103.170.67
644,Karlee,Bestwerthick,kbestwerthickhv@hostgator.com,Female,97.154.135.44
645,Edie,Digan,ediganhw@last.fm,Genderfluid,34.219.86.137
646,Kenyon,Niave,kniavehx@angelfire.com,Male,163.235.9.214
647,Analiese,Visick,avisickhy@godaddy.com,Female,183.199.233.194
648,Winn,Deakes,wdeakeshz@prnewswire.com,Male,154.200.56.115
649,Gregory,Sweeting,gsweetingi0@chronoengine.com,Male,164.207.223.166
650,Kaleb,Blyth,kblythi1@multiply.com,Male,174.147.95.142
651,Pammy,Blew,pblewi2@si.edu,Female,145.138.198.168
652,Martguerita,Olanda,molandai3@yelp.com,Female,21.54.196.79
653,Darryl,Banes,dbanesi4@typepad.com,Male,49.55.130.187
654,Kally,Jarmaine,kjarmainei5@example.com,Female,60.19.40.57
655,Dukie,Carbery,dcarberyi6@alibaba.com,Male,108.16.36.17
656,Lorena,Fassum,lfassumi7@biglobe.ne.jp,Female,80.121.169.85
657,Gordan,Stokey,gstokeyi8@mit.edu,Male,37.223.113.108
658,Serena,Spaven,sspaveni9@creativecommons.org,Genderqueer,244.5.171.203
659,Jobye,Slograve,jslograveia@yahoo.co.jp,Female,146.111.247.199
660,Victor,Goldberg,vgoldbergib@stumbleupon.com,Male,149.30.178.197
661,Risa,Antoniutti,rantoniuttiic@webmd.com,Female,85.148.142.24
662,Dalila,Siveyer,dsiveyerid@w3.org,Female,195.6.99.79
663,Karna,Dobbyn,kdobbynie@ed.gov,Female,9.46.213.94
664,Romain,Gabbitas,rgabbitasif@sitemeter.com,Male,204.27.232.189
665,Fae,Stigger,fstiggerig@stanford.edu,Female,228.126.141.252
666,Norry,Windybank,nwindybankih@clickbank.net,Male,145.232.135.203
667,Carlotta,Ruggiero,cruggieroii@163.com,Female,159.197.63.220
668,Edita,Golby,egolbyij@webs.com,Female,55.234.185.160
669,Alexander,Truder,atruderik@wix.com,Male,180.65.50.78
670,Currey,Coleiro,ccoleiroil@umich.edu,Male,45.72.51.149
671,Araldo,Hanwright,ahanwrightim@wikispaces.com,Male,9.166.165.157
672,Kayla,Trembath,ktrembathin@fc2.com,Female,231.22.153.108
673,Ted,Brawson,tbrawsonio@google.com.br,Male,10.24.132.38
674,Veriee,Murgatroyd,vmurgatroydip@youtu.be,Female,73.182.198.145
675,Jasmina,Everix,jeverixiq@nyu.edu,Female,75.27.236.155
676,Iago,Stiller,istillerir@mediafire.com,Male,219.108.165.227
677,Hestia,Windibank,hwindibankis@aol.com,Female,238.97.132.104
678,Andriette,Sherman,ashermanit@prlog.org,Female,223.76.231.116
679,Rice,Dearnly,rdearnlyiu@goo.gl,Male,255.239.241.72
680,Art,Halfhyde,ahalfhydeiv@jimdo.com,Male,253.199.230.107
681,Darrick,Seeman,dseemaniw@goo.ne.jp,Male,215.214.194.81
682,Augie,Ryall,aryallix@google.com.hk,Male,185.115.85.27
683,Ruthe,Gerald,rgeraldiy@deliciousdays.com,Female,219.97.189.221
684,Welbie,Grenshields,wgrenshieldsiz@twitter.com,Male,134.237.39.65
685,Klarrisa,Catanheira,kcatanheiraj0@blogspot.com,Female,233.157.101.59
686,Tami,O'Hare,toharej1@ebay.com,Female,227.34.88.169
687,Barbe,Maulin,bmaulinj2@hp.com,Female,138.124.106.7
688,Case,Cutford,ccutfordj3@spotify.com,Male,42.52.96.253
689,Jae,Adame,jadamej4@desdev.cn,Male,76.102.169.8
690,Fianna,Bendle,fbendlej5@edublogs.org,Bigender,185.227.178.195
691,Chauncey,Heaseman,cheasemanj6@yelp.com,Genderqueer,235.227.141.194
692,Karney,Abrami,kabramij7@slideshare.net,Male,148.255.76.17
693,Crosby,Ceaser,cceaserj8@wikimedia.org,Male,157.233.192.182
694,Hurley,Joris,hjorisj9@e-recht24.de,Male,33.233.135.178
695,Munroe,Beresfore,mberesforeja@addthis.com,Male,228.103.182.122
696,Harman,Joselovitch,hjoselovitchjb@cbslocal.com,Genderqueer,34.236.46.182
697,Preston,Cordell,pcordelljc@plala.or.jp,Male,246.140.81.86
698,Esme,Richardet,erichardetjd@msn.com,Male,130.229.132.130
699,Cicily,Manuel,cmanuelje@bing.com,Non-binary,17.16.55.171
700,Curt,Kellen,ckellenjf@t-online.de,Male,61.207.221.190
701,Kellsie,Ruslen,kruslenjg@hp.com,Female,132.130.41.76
702,Talyah,Bloxsum,tbloxsumjh@slideshare.net,Female,210.156.204.221
703,Dorolisa,Blazejewski,dblazejewskiji@jigsy.com,Female,10.128.119.45
704,Elvira,Abbot,eabbotjj@sciencedaily.com,Female,233.107.228.9
705,Jake,Gaskill,jgaskilljk@com.com,Male,76.101.9.189
706,Jimmy,Salazar,jsalazarjl@virginia.edu,Male,168.143.129.159
707,Glynda,Martino,gmartinojm@constantcontact.com,Female,244.28.249.239
708,Fulton,Zanetti,fzanettijn@npr.org,Male,34.133.194.151
709,Enoch,Heal,ehealjo@cargocollective.com,Male,101.255.232.20
710,Roy,Stanistrete,rstanistretejp@behance.net,Male,226.173.118.108
711,Giffy,O'Connel,goconneljq@discovery.com,Male,118.53.165.206
712,Barthel,Hurkett,bhurkettjr@marketwatch.com,Male,253.122.189.116
713,Garrett,Janzen,gjanzenjs@stanford.edu,Non-binary,66.132.114.144
714,Sergent,Canty,scantyjt@privacy.gov.au,Male,36.170.43.34
715,Val,Powner,vpownerju@github.io,Female,116.175.250.183
716,Rodrigo,Yousef,ryousefjv@auda.org.au,Male,252.149.253.105
717,Livia,Kohen,lkohenjw@jimdo.com,Genderqueer,170.19.59.200
718,Catlee,Janaszkiewicz,cjanaszkiewiczjx@statcounter.com,Female,244.246.239.49
719,Erhard,Threadgould,ethreadgouldjy@123-reg.co.uk,Male,119.179.100.206
720,Bailie,Bernath,bbernathjz@last.fm,Male,222.20.214.231
721,Valery,Hodgins,vhodginsk0@samsung.com,Female,91.91.124.133
722,Ethe,Grayshan,egrayshank1@fema.gov,Male,49.127.251.166
723,Annette,Dundridge,adundridgek2@cargocollective.com,Female,77.197.127.62
724,Nikolaos,Casacchia,ncasacchiak3@wunderground.com,Male,100.174.251.212
725,Nickolaus,Dedham,ndedhamk4@admin.ch,Male,159.133.102.101
726,Franchot,Bozier,fbozierk5@angelfire.com,Male,161.118.250.130
727,Benny,Swallwell,bswallwellk6@about.com,Female,58.75.2.13
728,Igor,McCartney,imccartneyk7@smugmug.com,Male,136.105.180.250
729,Esta,MacRedmond,emacredmondk8@ebay.co.uk,Female,193.140.75.57
730,Waylon,Aveyard,waveyardk9@google.it,Male,157.9.142.76
731,Patten,Bugler,pbuglerka@sciencedaily.com,Male,121.36.57.143
732,Kristina,Barabich,kbarabichkb@telegraph.co.uk,Female,1.42.80.187
733,Hephzibah,Trembley,htrembleykc@usa.gov,Genderfluid,38.6.144.111
734,Winnie,Di Pietro,wdipietrokd@deliciousdays.com,Male,88.13.92.236
735,Anitra,Galilee,agalileeke@scientificamerican.com,Female,6.79.98.145
736,Barth,Hullett,bhullettkf@usnews.com,Male,48.148.130.38
737,Kleon,Mayze,kmayzekg@huffingtonpost.com,Male,177.242.233.123
738,Daune,Bailess,dbailesskh@home.pl,Female,108.225.199.220
739,Scottie,Rambadt,srambadtki@walmart.com,Male,135.100.56.168
740,Amabelle,Clear,aclearkj@abc.net.au,Female,189.85.113.187
741,Gail,Strond,gstrondkk@about.me,Male,247.9.198.132
742,Cad,Norrie,cnorriekl@merriam-webster.com,Male,215.206.250.64
743,Milka,Lyness,mlynesskm@histats.com,Female,91.188.239.50
744,Leighton,Hamshar,lhamsharkn@google.com.br,Male,3.115.123.18
745,Curt,Gascard,cgascardko@illinois.edu,Male,205.90.119.5
746,Ula,Serrels,userrelskp@netscape.com,Female,51.214.195.220
747,Minna,MacKim,mmackimkq@cpanel.net,Female,225.189.15.137
748,Dorette,Throughton,dthroughtonkr@netvibes.com,Female,4.145.126.181
749,Stormie,Eilles,seillesks@mail.ru,Female,127.209.71.92
750,Teddie,Hyslop,thyslopkt@stanford.edu,Female,27.226.28.219
751,Rosmunda,Darthe,rdartheku@umich.edu,Female,108.91.33.160
752,Banky,Hansen,bhansenkv@comsenz.com,Male,236.24.48.233
753,Edyth,Grason,egrasonkw@wisc.edu,Female,212.110.122.68
754,Ibby,Babe,ibabekx@cnet.com,Female,137.111.65.177
755,Etienne,Panchen,epanchenky@dion.ne.jp,Male,145.218.70.46
756,Brittany,Cossington,bcossingtonkz@bandcamp.com,Female,0.104.57.211
757,Ardra,Longrigg,alongriggl0@tripadvisor.com,Female,181.227.246.74
758,Grissel,Lissimore,glissimorel1@sohu.com,Genderfluid,96.70.127.84
759,Ewan,Shrimpling,eshrimplingl2@bloglovin.com,Male,182.115.248.175
760,Al,Gregs,agregsl3@marriott.com,Male,57.89.92.48
761,Olympie,Dashper,odashperl4@ovh.net,Female,122.246.180.159
762,Elisha,Peer,epeerl5@wordpress.com,Female,114.136.232.43
763,Koren,Ledford,kledfordl6@cbc.ca,Polygender,149.231.97.174
764,Nikolos,Beszant,nbeszantl7@amazon.co.uk,Male,105.4.254.118
765,Torin,Fairall,tfairalll8@businesswire.com,Male,39.159.21.237
766,Angil,Denisevich,adenisevichl9@wunderground.com,Female,212.132.111.146
767,Wally,Hoggin,whogginla@linkedin.com,Male,39.231.112.214
768,Georgia,Drei,gdreilb@bizjournals.com,Genderqueer,106.208.157.87
769,Zarla,Lickess,zlickesslc@gnu.org,Female,144.239.52.117
770,Rand,Pawel,rpawelld@edublogs.org,Male,219.150.61.3
771,Roley,Pidgin,rpidginle@comsenz.com,Male,115.52.170.124
772,Shanie,Weadick,sweadicklf@omniture.com,Female,205.158.99.5
773,Wes,Egel,wegellg@indiatimes.com,Male,17.78.229.83
774,Stesha,Goatman,sgoatmanlh@sciencedaily.com,Bigender,19.56.48.56
775,Kaine,Ghiriardelli,kghiriardellili@guardian.co.uk,Male,238.91.57.253
776,Ludovika,Golightly,lgolightlylj@example.com,Female,154.74.185.122
777,Brittni,Cummings,bcummingslk@netvibes.com,Female,170.11.91.100
778,Letitia,O'Scollee,loscolleell@hubpages.com,Female,121.221.125.17
779,Melva,Verden,mverdenlm@alibaba.com,Female,233.142.120.115
780,Arman,Bedward,abedwardln@blinklist.com,Male,149.221.190.176
781,Noe,Aylmer,naylmerlo@bloglines.com,Male,222.107.223.185
782,Emmet,Babbidge,ebabbidgelp@rakuten.co.jp,Male,172.153.0.18
783,Art,Le Friec,alefrieclq@berkeley.edu,Male,173.83.46.92
784,Pippy,Avard,pavardlr@paypal.com,Bigender,192.71.7.128
785,Gretchen,Allen,gallenls@wsj.com,Female,101.49.39.133
786,Paddie,Coneley,pconeleylt@abc.net.au,Male,77.239.119.30
787,Jolie,Cudbird,jcudbirdlu@unesco.org,Female,105.140.97.28
788,William,Caslake,wcaslakelv@quantcast.com,Male,245.211.132.158
789,Berton,Vondruska,bvondruskalw@cnbc.com,Male,57.23.118.211
790,Sapphire,Tumini,stuminilx@hp.com,Genderqueer,177.185.200.100
791,Penrod,Biggerdike,pbiggerdikely@slashdot.org,Male,214.28.231.33
792,Kessia,Callis,kcallislz@is.gd,Female,164.67.206.52
793,Bobby,Walesa,bwalesam0@soundcloud.com,Female,34.38.254.241
794,Valry,Daintry,vdaintrym1@diigo.com,Female,59.125.132.109
795,Ike,Veare,ivearem2@gizmodo.com,Male,226.218.189.236
796,Norry,Petheridge,npetheridgem3@tiny.cc,Female,102.169.95.12
797,Willey,Drinkwater,wdrinkwaterm4@umich.edu,Male,9.126.112.159
798,Lyndsie,Hantusch,lhantuschm5@tamu.edu,Female,186.80.78.255
799,Cecil,Milstead,cmilsteadm6@google.fr,Genderfluid,122.154.55.41
800,Eldridge,Arniz,earnizm7@ebay.co.uk,Male,177.140.82.60
801,Rebecca,Cavell,rcavellm8@weibo.com,Bigender,210.140.180.110
802,Ethe,Ghilardini,eghilardinim9@discovery.com,Male,154.154.81.181
803,Evelyn,Peres,eperesma@oaic.gov.au,Male,23.214.48.23
804,Kate,Heinssen,kheinssenmb@nifty.com,Female,64.170.109.133
805,Nonie,Held,nheldmc@mysql.com,Female,235.244.48.102
806,Noni,Bumphries,nbumphriesmd@google.ru,Female,52.251.90.117
807,Nerte,Comettoi,ncomettoime@netvibes.com,Female,14.136.68.116
808,Gigi,Lansberry,glansberrymf@indiegogo.com,Female,14.102.70.109
809,Bendix,Armin,barminmg@mozilla.org,Male,158.52.86.107
810,Brand,Grattage,bgrattagemh@cocolog-nifty.com,Male,244.75.25.17
811,Dana,Benoix,dbenoixmi@microsoft.com,Female,239.225.68.13
812,Cherri,Quakley,cquakleymj@yelp.com,Female,81.219.88.76
813,Stinky,Werndley,swerndleymk@reddit.com,Male,44.154.74.227
814,Imelda,Licari,ilicariml@prnewswire.com,Female,177.91.132.237
815,Dominique,Gynne,dgynnemm@columbia.edu,Female,171.20.144.168
816,Rodrick,Trolley,rtrolleymn@cyberchimps.com,Male,77.174.85.92
817,Marice,Sadd,msaddmo@smugmug.com,Non-binary,62.75.93.202
818,Briano,Fender,bfendermp@pcworld.com,Male,164.251.134.104
819,Addi,Saice,asaicemq@over-blog.com,Female,99.218.22.159
820,Evita,Banck,ebanckmr@hubpages.com,Agender,196.181.255.206
821,Coletta,Verrechia,cverrechiams@liveinternet.ru,Female,18.55.135.245
822,Shaun,Craske,scraskemt@dot.gov,Genderfluid,91.87.188.42
823,Melodie,Naptin,mnaptinmu@amazon.co.uk,Female,168.149.15.58
824,Alex,Meddick,ameddickmv@google.com.br,Male,166.98.177.186
825,Rubie,Saich,rsaichmw@canalblog.com,Female,51.240.247.59
826,Ira,Collisson,icollissonmx@sitemeter.com,Female,14.90.142.209
827,Clyde,Flanders,cflandersmy@51.la,Male,92.108.115.190
828,Lynn,MacGillespie,lmacgillespiemz@vimeo.com,Male,68.150.88.134
829,Willdon,Kaplin,wkaplinn0@lulu.com,Male,247.67.78.133
830,Patrice,McGorley,pmcgorleyn1@timesonline.co.uk,Female,246.15.233.49
831,Milena,Scholfield,mscholfieldn2@blogs.com,Female,247.122.77.249
832,Justus,Charrington,jcharringtonn3@yandex.ru,Male,54.240.43.117
833,Pasquale,Smeeton,psmeetonn4@dot.gov,Male,149.136.54.28
834,Boonie,Biddles,bbiddlesn5@jimdo.com,Male,12.188.187.64
835,Julina,Verry,jverryn6@cornell.edu,Female,40.102.32.217
836,Elwira,Dobble,edobblen7@google.de,Female,146.79.131.64
837,Georgiana,Ruggles,grugglesn8@gmpg.org,Female,207.197.17.181
838,Orazio,Siss,osissn9@kickstarter.com,Male,226.14.22.69
839,Henryetta,Renzullo,hrenzullona@deviantart.com,Bigender,153.168.1.154
840,Wanids,Pougher,wpoughernb@gmpg.org,Female,8.94.160.116
841,Price,Shields,pshieldsnc@blogspot.com,Male,125.16.178.191
842,Adair,Domerc,adomercnd@auda.org.au,Male,132.231.172.5
843,Damiano,Sprosson,dsprossonne@hud.gov,Male,0.144.6.202
844,Gabi,Cleworth,gcleworthnf@jugem.jp,Agender,82.193.40.132
845,Maible,Rizzini,mrizzining@biglobe.ne.jp,Female,242.27.142.99
846,Olympia,Janjic,ojanjicnh@europa.eu,Agender,198.253.83.248
847,Lolita,Jersh,ljershni@parallels.com,Female,161.11.82.94
848,Batholomew,O'Sculley,bosculleynj@soup.io,Male,76.209.87.97
849,Harlene,Pendlington,hpendlingtonnk@psu.edu,Female,59.203.240.149
850,Wynne,Scurr,wscurrnl@cbc.ca,Female,187.193.204.213
851,Minna,Caines,mcainesnm@cbc.ca,Female,30.23.234.51
852,Antons,Bum,abumnn@jugem.jp,Male,91.178.34.11
853,Free,Bryan,fbryanno@ifeng.com,Non-binary,2.196.187.18
854,Terrell,Frunks,tfrunksnp@wikimedia.org,Male,21.139.103.34
855,Benton,Arent,barentnq@artisteer.com,Male,158.158.39.17
856,Kahaleel,Ganter,kganternr@tinypic.com,Male,252.110.192.44
857,Raffarty,Walthall,rwalthallns@a8.net,Male,221.202.27.163
858,Dimitri,Dudney,ddudneynt@csmonitor.com,Male,28.238.9.44
859,Shoshanna,Irvine,sirvinenu@tripadvisor.com,Female,65.180.126.74
860,Anthe,Pettis,apettisnv@salon.com,Female,190.55.39.146
861,Terry,Grendon,tgrendonnw@ycombinator.com,Female,56.134.142.23
862,Adelaida,MacGeaney,amacgeaneynx@wsj.com,Female,165.102.78.8
863,Jessalyn,Abatelli,jabatelliny@fda.gov,Female,37.250.193.43
864,Neely,Twelftree,ntwelftreenz@yellowbook.com,Female,125.179.153.185
865,Deck,Casella,dcasellao0@ustream.tv,Male,126.129.190.174
866,Florrie,Rimour,frimouro1@google.ru,Female,174.234.230.34
867,Opalina,Powderham,opowderhamo2@opera.com,Female,75.211.185.105
868,Ileana,Warmisham,iwarmishamo3@hugedomains.com,Female,33.177.92.167
869,Barby,Skough,bskougho4@zdnet.com,Female,30.247.25.91
870,Christin,Havvock,chavvocko5@skype.com,Female,149.61.210.218
871,Che,Worsam,cworsamo6@about.me,Male,156.160.52.229
872,Guss,Iskowitz,giskowitzo7@japanpost.jp,Male,49.203.232.1
873,Brooks,Matas,bmataso8@loc.gov,Male,165.185.87.209
874,Rik,Sackey,rsackeyo9@myspace.com,Male,178.76.211.173
875,Sauncho,Lummasana,slummasanaoa@ow.ly,Male,213.87.3.201
876,Euphemia,Pomfrett,epomfrettob@slashdot.org,Female,217.239.116.172
877,Sebastien,Cisec,scisecoc@xinhuanet.com,Male,183.244.242.10
878,Gustie,Fearnside,gfearnsideod@yandex.ru,Female,159.122.173.105
879,Ardine,Housen,ahousenoe@godaddy.com,Female,255.163.214.245
880,Rebecca,Deakan,rdeakanof@nhs.uk,Female,138.149.240.88
881,Jarrett,Eardley,jeardleyog@who.int,Male,175.80.141.101
882,Charmian,Janecki,cjaneckioh@webmd.com,Female,45.158.106.109
883,Casi,Meaddowcroft,cmeaddowcroftoi@java.com,Female,215.112.171.119
884,Dari,Dimblebee,ddimblebeeoj@paypal.com,Female,94.44.25.100
885,Lorain,Dyott,ldyottok@weibo.com,Female,225.18.232.70
886,Genni,Loud,gloudol@surveymonkey.com,Female,15.71.67.75
887,Merci,Trenoweth,mtrenowethom@skype.com,Female,75.44.19.103
888,Sybyl,Brewerton,sbrewertonon@typepad.com,Female,173.60.113.139
889,Feliks,Abramamov,fabramamovoo@smh.com.au,Male,68.213.211.174
890,Illa,Coxon,icoxonop@economist.com,Female,98.183.193.125
891,Lev,Bruckshaw,lbruckshawoq@cnet.com,Male,121.248.106.207
892,Agna,Hovie,ahovieor@ebay.com,Female,65.79.231.36
893,Elvin,Cotte,ecotteos@1und1.de,Male,72.13.6.92
894,Orelie,Fogg,ofoggot@who.int,Female,238.135.130.148
895,Bradford,Rosenwald,brosenwaldou@infoseek.co.jp,Male,159.92.52.146
896,Theresa,Wagg,twaggov@hexun.com,Female,42.170.159.73
897,Alva,Crucetti,acrucettiow@toplist.cz,Agender,37.27.253.36
898,Flossi,Anney,fanneyox@paypal.com,Female,88.169.79.63
899,Clayton,Deyenhardt,cdeyenhardtoy@livejournal.com,Male,193.145.216.90
900,Omero,Reeds,oreedsoz@weibo.com,Male,129.106.49.80
901,Gretchen,Fear,gfearp0@nsw.gov.au,Female,105.84.21.232
902,Calley,Leyshon,cleyshonp1@apache.org,Female,70.225.117.92
903,Channa,Tippler,ctipplerp2@usnews.com,Female,243.118.50.65
904,Vale,Charville,vcharvillep3@joomla.org,Female,49.254.55.196
905,Daisy,Rochewell,drochewellp4@altervista.org,Female,14.110.25.174
906,Shannen,Broyd,sbroydp5@ehow.com,Female,142.83.132.171
907,Worth,Pinnington,wpinningtonp6@cornell.edu,Male,145.213.252.46
908,Gaby,Upwood,gupwoodp7@yale.edu,Male,171.6.29.22
909,Tamar,Samson,tsamsonp8@illinois.edu,Female,238.140.245.27
910,Kory,Kalaher,kkalaherp9@bloglovin.com,Male,189.224.9.60
911,Oriana,Polglase,opolglasepa@ftc.gov,Non-binary,50.59.193.230
912,Emlynne,Cuschieri,ecuschieripb@blogger.com,Female,200.107.113.119
913,Robina,McColgan,rmccolganpc@edublogs.org,Female,209.199.155.210
914,Ranique,Stanton,rstantonpd@whitehouse.gov,Female,180.156.145.175
915,Jervis,Iacovuzzi,jiacovuzzipe@squarespace.com,Agender,57.55.216.148
916,Konstance,Braiden,kbraidenpf@sina.com.cn,Female,190.166.66.10
917,Darrin,Karolewski,dkarolewskipg@telegraph.co.uk,Male,12.12.17.40
918,Arda,Cleghorn,acleghornph@feedburner.com,Female,34.192.134.245
919,Linus,Goulston,lgoulstonpi@nih.gov,Male,86.191.127.233
920,Shelley,Freckingham,sfreckinghampj@alibaba.com,Male,84.99.8.57
921,Norton,Delaprelle,ndelaprellepk@webs.com,Male,94.49.197.38
922,Channa,Leven,clevenpl@twitter.com,Female,228.99.137.98
923,Loralyn,Tivolier,ltivolierpm@sogou.com,Female,11.199.91.106
924,Wynn,Eskrigge,weskriggepn@bloglines.com,Male,73.173.101.201
925,Mabelle,Morphet,mmorphetpo@dedecms.com,Non-binary,118.90.249.160
926,Jeanna,Wahncke,jwahnckepp@opensource.org,Female,248.116.61.63
927,Herold,Aylesbury,haylesburypq@toplist.cz,Male,72.232.54.245
928,Mikel,Yitzhak,myitzhakpr@ehow.com,Male,34.215.250.163
929,Barton,Tille,btilleps@mapy.cz,Male,98.67.45.203
930,Milo,Johansson,mjohanssonpt@archive.org,Male,145.49.16.136
931,Retha,Wyvill,rwyvillpu@amazon.co.uk,Female,177.171.138.20
932,Steffen,Bowkett,sbowkettpv@github.com,Male,63.121.180.251
933,Francklin,Dowsett,fdowsettpw@geocities.jp,Male,33.186.146.17
934,Diane-marie,Frickey,dfrickeypx@meetup.com,Female,57.201.95.225
935,Jeffie,Faircley,jfaircleypy@issuu.com,Male,128.42.180.213
936,Roger,Nerval,rnervalpz@histats.com,Male,41.193.0.56
937,Kristopher,Yepiskopov,kyepiskopovq0@miibeian.gov.cn,Male,120.196.37.77
938,Dorelle,McGillacoell,dmcgillacoellq1@usnews.com,Female,113.119.150.141
939,Devy,Holme,dholmeq2@sciencedirect.com,Male,84.107.5.222
940,Xena,Swinnard,xswinnardq3@goo.gl,Female,226.44.121.39
941,Fabe,Butterworth,fbutterworthq4@house.gov,Male,117.152.34.133
942,Emili,Ellerbeck,eellerbeckq5@guardian.co.uk,Female,176.38.186.116
943,Torry,Neath,tneathq6@exblog.jp,Male,172.27.48.62
944,Deerdre,Ghione,dghioneq7@youtu.be,Female,218.139.188.180
945,Lena,Ruppelin,lruppelinq8@cbc.ca,Female,109.74.74.87
946,Ev,Labroue,elabroueq9@cisco.com,Male,215.12.16.60
947,Tuesday,Martinson,tmartinsonqa@cdbaby.com,Female,71.172.148.167
948,Colman,Hammerton,chammertonqb@psu.edu,Bigender,11.65.1.56
949,Harv,Werndly,hwerndlyqc@bigcartel.com,Male,91.115.22.51
950,Sabine,Churchley,schurchleyqd@istockphoto.com,Female,101.60.230.161
951,Danyette,Lonergan,dlonerganqe@squarespace.com,Female,132.216.248.118
952,Carma,Antonsson,cantonssonqf@about.me,Female,136.55.140.149
953,Cazzie,Sabathier,csabathierqg@si.edu,Male,3.147.16.193
954,Orella,Cadden,ocaddenqh@bigcartel.com,Genderqueer,67.129.152.146
955,Micheal,Dran,mdranqi@hao123.com,Non-binary,216.96.122.58
956,Abdul,Sterrick,asterrickqj@sitemeter.com,Male,249.25.189.112
957,Leena,Hadwick,lhadwickqk@wikipedia.org,Female,113.174.124.228
958,Christyna,Ingerman,cingermanql@nifty.com,Female,2.226.61.97
959,Stanford,Kempstone,skempstoneqm@epa.gov,Male,65.121.2.192
960,Duffie,Dell 'Orto,ddellortoqn@homestead.com,Male,202.21.14.174
961,Reinwald,Sherebrook,rsherebrookqo@sfgate.com,Male,77.192.223.75
962,Warren,Bettington,wbettingtonqp@usatoday.com,Male,211.96.75.173
963,Cristabel,Costello,ccostelloqq@tripadvisor.com,Female,175.2.158.43
964,Allison,Willmett,awillmettqr@sina.com.cn,Female,180.44.20.218
965,Loren,Scotney,lscotneyqs@dmoz.org,Male,230.3.78.234
966,Ilyssa,Prettjohn,iprettjohnqt@europa.eu,Female,69.16.193.147
967,Delmar,Burnsyde,dburnsydequ@i2i.jp,Male,239.87.144.28
968,See,Youings,syouingsqv@guardian.co.uk,Male,200.35.9.210
969,Clifford,Mynett,cmynettqw@behance.net,Male,145.151.170.86
970,Mellie,Cleobury,mcleoburyqx@nyu.edu,Female,105.213.14.71
971,Zelma,Heales,zhealesqy@cocolog-nifty.com,Female,188.88.230.217
972,Sophey,Brimilcombe,sbrimilcombeqz@tmall.com,Female,63.242.215.196
973,Umberto,Deeves,udeevesr0@nifty.com,Male,144.140.58.234
974,Euell,Ivanchikov,eivanchikovr1@163.com,Male,139.102.14.178
975,Aliza,Deeman,adeemanr2@wisc.edu,Female,31.251.147.41
976,Moselle,Hammon,mhammonr3@forbes.com,Female,121.32.166.191
977,Klemens,Roskrug,kroskrugr4@wisc.edu,Male,83.227.183.192
978,Desiri,Goldup,dgoldupr5@google.ca,Female,239.212.30.158
979,Hodge,Castano,hcastanor6@disqus.com,Genderfluid,187.84.16.232
980,Yance,McIlwrath,ymcilwrathr7@de.vu,Male,221.148.142.126
981,Ring,Fladgate,rfladgater8@guardian.co.uk,Male,161.69.222.244
982,Beatrix,McKerley,bmckerleyr9@plala.or.jp,Genderfluid,59.103.116.150
983,Giacobo,Spalding,gspaldingra@foxnews.com,Male,53.227.105.23
984,Joel,Grigori,jgrigorirb@opera.com,Male,88.85.88.198
985,Bella,Bleasdille,bbleasdillerc@delicious.com,Non-binary,172.144.91.42
986,Benita,Rymour,brymourrd@livejournal.com,Female,138.205.233.252
987,Sondra,Pigeon,spigeonre@tripod.com,Female,72.0.192.43
988,Gabriele,Brennon,gbrennonrf@eventbrite.com,Male,152.136.64.197
989,Claiborne,Aldiss,caldissrg@reference.com,Male,137.227.5.240
990,Mohandis,Dymoke,mdymokerh@ftc.gov,Male,102.87.245.194
991,Mathias,Suche,msucheri@zimbio.com,Male,195.88.178.153
992,Clarance,Picford,cpicfordrj@amazon.com,Male,62.8.168.126
993,Alvina,Coales,acoalesrk@vistaprint.com,Female,174.12.174.236
994,Angus,Speed,aspeedrl@state.tx.us,Male,38.160.249.228
995,Myrwyn,Pavlishchev,mpavlishchevrm@privacy.gov.au,Male,39.109.211.17
996,Ginnie,Switzer,gswitzerrn@wired.com,Female,153.85.146.202
997,Jacob,Pedri,jpedriro@ebay.com,Male,136.110.240.21
998,Ferris,MacUchadair,fmacuchadairrp@xrea.com,Male,163.213.115.155
999,Hayward,Sirmon,hsirmonrq@wikipedia.org,Male,19.246.35.199
1000,Myrta,Slemmonds,mslemmondsrr@wp.com,Female,156.224.161.195
